{
  "providers": {
    "awscloudformation": {
      "AuthRoleName": "amplify-todolist-dev-190730-authRole",
      "UnauthRoleArn": "arn:aws:iam::782743328534:role/amplify-todolist-dev-190730-unauthRole",
      "AuthRoleArn": "arn:aws:iam::782743328534:role/amplify-todolist-dev-190730-authRole",
      "Region": "us-east-1",
      "DeploymentBucketName": "amplify-todolist-dev-190730-deployment",
      "UnauthRoleName": "amplify-todolist-dev-190730-unauthRole",
      "StackName": "amplify-todolist-dev-190730",
      "StackId": "arn:aws:cloudformation:us-east-1:782743328534:stack/amplify-todolist-dev-190730/b6ad5d60-2238-11eb-836e-0a2f4587a347",
      "AmplifyAppId": "dbm27w8kzkrxv"
    }
  },
  "api": {
    "myapi": {
      "service": "AppSync",
      "providerPlugin": "awscloudformation",
      "output": {
        "authConfig": {
          "defaultAuthentication": {
            "authenticationType": "API_KEY",
            "apiKeyConfig": {
              "apiKeyExpirationDays": 365,
              "description": "demo"
            }
          },
          "additionalAuthenticationProviders": []
        },
        "GraphQLAPIIdOutput": "wnxkvo2y3fhkxdofld6whowigq",
        "GraphQLAPIEndpointOutput": "https://kbs7ljn5vberbbeb35zryzcvr4.appsync-api.us-east-1.amazonaws.com/graphql",
        "GraphQLAPIKeyOutput": "da2-sfl7jeeiyfcldkp6babwb2jpqm"
      },
      "providerMetadata": {
        "s3TemplateURL": "https://s3.amazonaws.com/amplify-todolist-dev-190730-deployment/amplify-cfn-templates/api/cloudformation-template.json",
        "logicalId": "apimyapi"
      },
      "lastPushTimeStamp": "2020-11-09T03:41:12.514Z",
      "lastPushDirHash": "JNK4sqXhB2uVOLb114cmE0Mt3BQ="
    }
  }
}